Object Unique ID,Begin date,Date:creation,End date,Title,he_counts,she_counts,word_counts
http://library.ucsd.edu/ark:/20775/bb8806609v,1977-10-11,"October 11-25, 1977",1977-10-25,The New Indicator,3,5,5923
http://library.ucsd.edu/ark:/20775/bb2970379j,1978-02-07,"February 7-20, 1978",1978-02-20,The New Indicator,11,0,6107
http://library.ucsd.edu/ark:/20775/bb60420770,1969-11-12,"November 12, 1969",1969-11-12,The Indicator,41,1,13904
http://library.ucsd.edu/ark:/20775/bb6519900h,1985-09-25,"September 25, 1985",1985-09-25,The University Report,32,4,18034
http://library.ucsd.edu/ark:/20775/bb65198992,1986-02-01,February 1986,1986-02-28,California Review,68,9,21735
http://library.ucsd.edu/ark:/20775/bb4403839b,1983-12-01,Winter 1983,1983-02-28,Revellations,5,9,4391
http://library.ucsd.edu/ark:/20775/bb8431179p,1982-04-27,"April 27-May 10, 1982",1982-05-10,The New Indicator,35,7,20514
http://library.ucsd.edu/ark:/20775/bb4813399r,1991-10-30,"October 30, 1991",1991-10-30,Revellations,0,0,3871
http://library.ucsd.edu/ark:/20775/bb6963590v,1988-02-08,"February 8-22, 1988",1988-02-22,The New Indicator,38,13,14668
http://library.ucsd.edu/ark:/20775/bb97281184,1977-11-01,November 1977,1977-11-30,Revellations,3,0,2428
http://library.ucsd.edu/ark:/20775/bb59396880,1970-11-04,"November 4, 1970",1970-11-04,Third World,7,17,6976
http://library.ucsd.edu/ark:/20775/bb6519898j,1965-05-12,"May 12, 1965",1965-05-12,Sandscript,3,0,3931
http://library.ucsd.edu/ark:/20775/bb3482326c,1966-02-25,"February 25, 1966",1966-02-25,Sandscript,11,0,4495
http://library.ucsd.edu/ark:/20775/bb8055747x,1980-10-21,"October 21-November 3, 1980",1980-11-03,The New Indicator,37,0,13755
http://library.ucsd.edu/ark:/20775/bb22195182,1990-10-21,"October 21-November 14, 1990",1990-11-14,The New Indicator,10,3,15703
http://library.ucsd.edu/ark:/20775/bb06154066,1985-05-21,"May 21-June 3, 1985",1985-06-03,The New Indicator,24,7,15718
http://library.ucsd.edu/ark:/20775/bb96939916,1976-10-01,October 1976,1976-10-31,The New Indicator,86,5,33474
http://library.ucsd.edu/ark:/20775/bb61444680,1982-11-01,November-December 1982,1982-12-31,California Review,34,2,25697
http://library.ucsd.edu/ark:/20775/bb08884477,1987-02-03,"February 3-16, 1987",1987-02-16,The New Indicator,21,2,14908
http://library.ucsd.edu/ark:/20775/bb6212731n,1986-01-14,"January 14-28, 1986",1986-01-28,The New Indicator,13,1,13489
http://library.ucsd.edu/ark:/20775/bb82263981,1974-04-16,"April 16-30, 1974",1974-04-30,North Star,41,9,17636
http://library.ucsd.edu/ark:/20775/bb3789499p,1983-05-17,"May 17-30, 1983",1983-05-30,The New Indicator,53,17,21899
http://library.ucsd.edu/ark:/20775/bb3687107s,1974-06-01,June 1974,1974-06-30,Prensa Popular,19,1,20435
http://library.ucsd.edu/ark:/20775/bb4164932t,1986-05-13,"May 13-26, 1986",1986-05-26,The New Indicator,38,2,13729
http://library.ucsd.edu/ark:/20775/bb4711009w,1989-03-01,"March 1, 1989",1989-03-01,Revellations,6,3,4269
http://library.ucsd.edu/ark:/20775/bb0854321x,2003-06-06,"June 6, 2003",2003-06-06,California Review,22,4,17253
http://library.ucsd.edu/ark:/20775/bb7850966n,1993-06-01,June 1993,1993-06-30,The New Indicator,59,22,34304
http://library.ucsd.edu/ark:/20775/bb92844306,1981-02-17,"February 17-March 3, 1981",1981-03-03,The New Indicator,79,12,27642
http://library.ucsd.edu/ark:/20775/bb6758809h,1989-09-27,"September 27-October 10, 1989",1989-10-10,The New Indicator,11,1,9993
http://library.ucsd.edu/ark:/20775/bb0683671q,1977-06-01,June 1977,1977-06-30,The New Indicator,65,20,21041
http://library.ucsd.edu/ark:/20775/bb9693990p,1987-03-03,"March 3-30, 1987",1987-03-30,The New Indicator,33,5,16836
http://library.ucsd.edu/ark:/20775/bb8226397h,1965-04-07,"April 7, 1965",1965-04-07,Sandscript,2,0,1992
http://library.ucsd.edu/ark:/20775/bb93526881,1983-11-30,"November 30-January 4, 1983",1983-01-04,The New Indicator,3,1,1672
http://library.ucsd.edu/ark:/20775/bb35505893,1987-04-10,"April 10, 1987",1987-04-10,Revellations,5,0,4256
http://library.ucsd.edu/ark:/20775/bb5939689h,1980-11-04,"November 4-17, 1980",1980-11-17,The New Indicator,21,0,21298
http://library.ucsd.edu/ark:/20775/bb4608618q,1987-01-16,"January 16, 1987",1987-01-16,Revellations,2,14,5474
http://library.ucsd.edu/ark:/20775/bb5222962k,1978-10-03,"October 3-16, 1978",1978-10-16,The New Indicator,15,4,9586
http://library.ucsd.edu/ark:/20775/bb7168367r,1992-12-01,Winter 1992,1992-02-28,Momentum,7,1,7307
http://library.ucsd.edu/ark:/20775/bb3584716v,1987-01-06,"January 6-20, 1987",1987-01-20,The New Indicator,28,1,18280
http://library.ucsd.edu/ark:/20775/bb7407278n,1974-03-04,"March 4-17, 1974",1974-03-17,North Star,41,4,15069
http://library.ucsd.edu/ark:/20775/bb2765599d,1967-05-24,"May 24, 1967",1967-05-24,The Indicator,43,5,13313
http://library.ucsd.edu/ark:/20775/bb0001069r,1966-06-03,"June 3, 1966",1966-06-03,Sandscript,13,0,9695
http://library.ucsd.edu/ark:/20775/bb6144467g,1983-11-22,"November 22-December 5, 1983",1983-12-05,The New Indicator,30,3,14286
http://library.ucsd.edu/ark:/20775/bb5393606t,1989-01-17,"January 17-31, 1989",1989-01-31,The New Indicator,10,0,4723
http://library.ucsd.edu/ark:/20775/bb0888446q,1979-06-01,June 1979,1979-06-30,People's Voice,129,0,15646
http://library.ucsd.edu/ark:/20775/bb6827071z,1986-04-01,April 1986,1986-04-30,California Review,68,10,18874
http://library.ucsd.edu/ark:/20775/bb8806608b,1994-05-01,May 1994,1994-05-31,Momentum,6,3,6095
http://library.ucsd.edu/ark:/20775/bb3550588k,1984-06-12,"June 12-September 25, 1984",1984-09-25,The New Indicator,37,10,15270
http://library.ucsd.edu/ark:/20775/bb57349097,2003-04-01,"April 1, 2003",2003-04-01,California Review,8,11,4199
http://library.ucsd.edu/ark:/20775/bb1571048z,1987-05-08,"May 8, 1987",1987-05-08,Revellations,34,30,5245
http://library.ucsd.edu/ark:/20775/bb71683688,1992-10-01,October 1992,1992-10-31,Momentum,9,3,7080
http://library.ucsd.edu/ark:/20775/bb06154087,1987-04-24,"April 24, 1987",1987-04-24,Revellations,16,6,5072
http://library.ucsd.edu/ark:/20775/bb29703781,1992-04-01,April 1992,1992-04-30,Revellations,0,0,1824
http://library.ucsd.edu/ark:/20775/bb90796502,1991-02-01,February 1991,1991-02-28,Revellations,13,8,5474
http://library.ucsd.edu/ark:/20775/bb6144466z,1988-09-01,September 1988,1988-09-30,California Review,6,1,5588
http://library.ucsd.edu/ark:/20775/bb7612058s,1986-03-11,"March 11-31, 1986",1986-03-31,The New Indicator,39,10,20506
http://library.ucsd.edu/ark:/20775/bb8055749z,1980-05-13,"May 13-26, 1980",1980-05-26,The New Indicator,18,3,13164
http://library.ucsd.edu/ark:/20775/bb1809959p,2002-03-01,March 2002,2002-03-31,The New Indicator,45,6,20040
http://library.ucsd.edu/ark:/20775/bb0137934q,1991-12-01,December 1991,1991-12-31,California Review,25,18,11289
http://library.ucsd.edu/ark:/20775/bb3960150z,1981-01-20,"January 20-February 2, 1981",1981-02-02,The New Indicator,37,0,14330
http://library.ucsd.edu/ark:/20775/bb4164930s,1977-03-15,"March 15-April 7, 1977",1977-04-07,The New Indicator,26,6,15848
http://library.ucsd.edu/ark:/20775/bb6622289q,1975-04-01,April 1975,1975-04-30,Ujima,28,40,13916
http://library.ucsd.edu/ark:/20775/bb06495408,1978-05-02,"May 2-15, 1978",1978-05-15,The New Indicator,15,7,10293
http://library.ucsd.edu/ark:/20775/bb03423692,1990-02-14,"February 14-27, 1990",1990-02-27,The New Indicator,10,3,13022
http://library.ucsd.edu/ark:/20775/bb6929806x,1992-02-01,February 1992,1992-02-29,California Review,56,10,19659
http://library.ucsd.edu/ark:/20775/bb0547152t,1980-01-22,"January 22-February 4, 1980",1980-02-04,The New Indicator,42,7,19330
http://library.ucsd.edu/ark:/20775/bb20147385,1974-05-01,"May, 1974",1974-05-31,Prensa Popular,54,4,41948
http://library.ucsd.edu/ark:/20775/bb5871429k,1985-06-01,June 1985,1985-06-30,California Review,55,2,19501
http://library.ucsd.edu/ark:/20775/bb62127304,1988-06-07,"June 7, 1988",1988-06-07,Revellations,35,15,9788
http://library.ucsd.edu/ark:/20775/bb6827070f,2004-05-01,May 2004,2004-05-31,California Review,40,1,6548
http://library.ucsd.edu/ark:/20775/bb14007454,2012-01-30,"January 30, 2012",2012-01-30,California Review,17,1,17271
http://library.ucsd.edu/ark:/20775/bb4403838t,1993-05-01,May 1993,1993-05-31,Revellations,1,7,2593
http://library.ucsd.edu/ark:/20775/bb91137786,1992-05-01,May 1992,1992-05-31,Revellations,0,0,3859
http://library.ucsd.edu/ark:/20775/bb0888448r,1966-05-22,"May 22, 1966",1966-05-22,Sandscript,5,0,6932
http://library.ucsd.edu/ark:/20775/bb11956213,1968-11-20,"November 20, 1968",1968-11-20,The Indicator,110,15,18890
http://library.ucsd.edu/ark:/20775/bb31068994,1990-01-17,"January 17-31, 1990",1990-01-31,The New Indicator,7,0,4276
http://library.ucsd.edu/ark:/20775/bb4676879v,1966-05-06,"May 6, 1966",1966-05-06,The Revelle Times,13,1,7932
http://library.ucsd.edu/ark:/20775/bb89431322,1976-02-25,"February 25, 1976",1976-02-25,The New Indicator,6,1,7386
http://library.ucsd.edu/ark:/20775/bb94892098,1983-01-01,January 1983,1983-01-31,California Review,60,10,22307
http://library.ucsd.edu/ark:/20775/bb14008793,1968-01-01,1968-1969,1969-12-31,The Indicator,21,0,6502
http://library.ucsd.edu/ark:/20775/bb4472100b,1990-06-12,"June 12, 1990",1990-06-12,Revellations,13,3,4160
http://library.ucsd.edu/ark:/20775/bb1707571j,1991-03-01,March 1991,1991-03-31,Revellations,0,0,1571
http://library.ucsd.edu/ark:/20775/bb7407276m,1973-11-12,"November 12-25, 1973",1973-11-25,North Star,38,6,22259
http://library.ucsd.edu/ark:/20775/bb71683667,1986-06-01,June 1986,1986-06-30,California Review,111,18,23233
http://library.ucsd.edu/ark:/20775/bb10932298,1981-10-06,"October 6-19, 1981",1981-10-19,The New Indicator,28,3,15957
http://library.ucsd.edu/ark:/20775/bb05471519,1968-03-01,"March 1, 1968",1968-03-01,The Indicator,8,2,2158
http://library.ucsd.edu/ark:/20775/bb8635959n,1973-02-01,February 1973,1973-02-28,Nine,1,0,3825
http://library.ucsd.edu/ark:/20775/bb97622461,1974-04-29,"April 29-May 12, 1974",1974-05-12,North Star,1,1,3854
http://library.ucsd.edu/ark:/20775/bb4267321q,2005-05-01,May 2005,2005-05-31,California Review,33,3,5616
http://library.ucsd.edu/ark:/20775/bb6554507s,1968-11-06,"November 06, 1968",1968-11-06,The Indicator,33,0,12842
http://library.ucsd.edu/ark:/20775/bb23560418,1979-12-04,"December 4, 1979-January 7, 1980",1980-01-07,The New Indicator,65,9,21580
http://library.ucsd.edu/ark:/20775/bb74072774,1974-10-01,October 1974,1974-10-31,Ujima,46,7,15571
http://library.ucsd.edu/ark:/20775/bb2356040r,1985-10-01,"October 1-14, 1985",1985-10-14,The New Indicator,26,4,16429
http://library.ucsd.edu/ark:/20775/bb4984047c,1977-01-24,"January 24-February 6, 1977",1977-02-06,The New Indicator,13,4,12616
http://library.ucsd.edu/ark:/20775/bb1742044v,2012-05-01,May 2012,2012-05-31,California Review,31,4,13464
http://library.ucsd.edu/ark:/20775/bb6792936w,1992-03-04,"March 4, 1992",1992-03-04,The New Indicator,9,10,12837
http://library.ucsd.edu/ark:/20775/bb2902118d,1967-02-17,"February 17, 1967",1967-02-17,The Indicator,16,1,6835
http://library.ucsd.edu/ark:/20775/bb9113777p,1990-01-03,"January 3-16, 1990",1990-01-16,The New Indicator,12,0,8986
http://library.ucsd.edu/ark:/20775/bb3038636d,1981-12-01,Winter 1981,1981-02-28,Revellations,15,8,4689
http://library.ucsd.edu/ark:/20775/bb1195620k,2001-12-01,December 2001,2001-12-31,The New Indicator,26,1,25221
http://library.ucsd.edu/ark:/20775/bb3072768c,1984-01-24,"January 24-February 6, 1984",1984-02-06,The New Indicator,31,16,20458
http://library.ucsd.edu/ark:/20775/bb7680320c,1980-04-15,"April 15-28, 1980",1980-04-28,The New Indicator,54,0,17433
http://library.ucsd.edu/ark:/20775/bb67246796,1983-02-01,"February 1-14, 1983",1983-02-14,The New Indicator,52,3,20787
http://library.ucsd.edu/ark:/20775/bb2902117w,1969-01-29,"January 29, 1969",1969-01-29,The Indicator,68,0,10577
http://library.ucsd.edu/ark:/20775/bb1298011h,1990-03-14,"March 14-April 3, 1990",1990-04-03,The New Indicator,19,4,18916
http://library.ucsd.edu/ark:/20775/bb1093228r,1987-02-27,"February 27, 1987",1987-02-27,Revellations,12,2,5341
http://library.ucsd.edu/ark:/20775/bb49158005,1987-03-01,March 1987,1987-03-31,California Review,45,6,23488
http://library.ucsd.edu/ark:/20775/bb9523337q,1966-10-28,"October 28, 1966",1966-10-28,The Indicator,37,8,13886
http://library.ucsd.edu/ark:/20775/bb6827072g,1982-10-20,"October 20-November 1, 1982",1982-11-01,The New Indicator,28,12,18763
http://library.ucsd.edu/ark:/20775/bb21853865,1988-12-01,December 1988,1988-12-31,California Review,18,0,6944
http://library.ucsd.edu/ark:/20775/bb1946478h,1983-12-06,"December 6-January 10, 1984",1984-01-10,The New Indicator,27,15,18124
http://library.ucsd.edu/ark:/20775/bb4335923t,2002-11-01,November 2002,2002-11-30,California Review,45,5,15802
http://library.ucsd.edu/ark:/20775/bb33458082,2001-09-01,September 2001,2001-09-30,The New Indicator,3,0,5741
http://library.ucsd.edu/ark:/20775/bb95574708,1972-02-08,"between February 8, 1972 and December 31, 1972",1972-12-31,Crazy Times,36,3,12782
http://library.ucsd.edu/ark:/20775/bb07177962,1984-03-06,"March 6-19, 1984",1984-03-19,The New Indicator,15,10,11684
http://library.ucsd.edu/ark:/20775/bb89431301,1975-04-01,April/May 1975,1975-05-31,Prensa Popular,13,9,27625
http://library.ucsd.edu/ark:/20775/bb4028409j,1987-10-02,"October 2, 1987",1987-10-02,Revellations,12,0,4527
http://library.ucsd.edu/ark:/20775/bb4369710p,1990-09-19,"September 19-October 2, 1990",1990-10-02,The New Indicator,0,0,15004
http://library.ucsd.edu/ark:/20775/bb6997719b,1985-10-02,"October 2, 1985",1985-10-02,The University Report,17,3,13807
http://library.ucsd.edu/ark:/20775/bb54618681,1993-02-01,February 1993,1993-02-28,Revellations,0,0,2199
http://library.ucsd.edu/ark:/20775/bb06836706,1977-02-01,February 1977,1977-02-28,Revellations,0,0,2446
http://library.ucsd.edu/ark:/20775/bb8089880g,1972-04-26,"April 26, 1972",1972-04-26,Dimension,22,1,4343
http://library.ucsd.edu/ark:/20775/bb5461871w,1978-12-05,"December 5, 1978",1978-12-05,People's Voice,20,9,12646
http://library.ucsd.edu/ark:/20775/bb7714449s,1983-09-27,"September 27-October 10, 1983",1982-10-10,The New Indicator,30,3,17391
http://library.ucsd.edu/ark:/20775/bb7543797j,1985-12-10,"December 10-January 6, 1986",1986-01-06,The New Indicator,12,3,10476
http://library.ucsd.edu/ark:/20775/bb08201877,1993-01-01,January-February 1993 (1992 on masthead),1993-02-28,Momentum,20,8,8357
http://library.ucsd.edu/ark:/20775/bb7680321w,1997-03-01,March 1997,1997-03-31,California Review,21,30,8014
http://library.ucsd.edu/ark:/20775/bb0922577q,2003-05-01,May 2003,2003-05-31,The New Indicator,8,2,12709
http://library.ucsd.edu/ark:/20775/bb1195622m,2004-06-01,June 2004,2004-06-30,California Review,33,8,10067
http://library.ucsd.edu/ark:/20775/bb5325351g,1965-10-07,"October 7, 1965",1965-10-07,Sandscript,0,0,2940
http://library.ucsd.edu/ark:/20775/bb12980100,1965-11-19,"November 19, 1965",1965-11-19,Sandscript,4,1,6139
http://library.ucsd.edu/ark:/20775/bb3038638f,1982-03-16,"March 16-30, 1982",1982-03-30,The New Indicator,13,2,6098
http://library.ucsd.edu/ark:/20775/bb3345807j,1993-03-01,March 1993,1993-03-31,Momentum,13,4,11176
http://library.ucsd.edu/ark:/20775/bb19464791,1985-04-23,"April 23-May 6, 1985",1985-05-06,The New Indicator,23,5,9622
http://library.ucsd.edu/ark:/20775/bb8226399j,1983-11-01,November-December 1983,1983-12-31,California Review,50,6,20973
http://library.ucsd.edu/ark:/20775/bb35505872,1967-09-26,"September 26, 1967",1967-09-26,The Indicator,66,1,10923
http://library.ucsd.edu/ark:/20775/bb17075701,1992-03-18,"March 18, 1992",1992-03-18,The New Indicator,26,3,13745
http://library.ucsd.edu/ark:/20775/bb39942768,1984-02-07,"February 7-20, 1984",1984-02-20,The New Indicator,49,4,16288
http://library.ucsd.edu/ark:/20775/bb4711008c,1967-01-27,"January 27, 1967",1967-01-27,The Indicator,38,3,7159
http://library.ucsd.edu/ark:/20775/bb2902119x,1984-10-01,October 1984,1984-10-31,California Review,45,2,16691
http://library.ucsd.edu/ark:/20775/bb9762247j,1976-04-20,"April 20-24, 1976",1976-04-24,The New Indicator,42,7,23149
http://library.ucsd.edu/ark:/20775/bb3038637x,1984-11-01,November-December 1984,1984-12-31,California Review,43,10,18975
http://library.ucsd.edu/ark:/20775/bb4984048w,1992-01-26,"January 26, 1992",1992-01-26,The New Indicator,36,32,30345
http://library.ucsd.edu/ark:/20775/bb01034597,1980-02-19,"February 19-March 3, 1980",1980-03-03,The New Indicator,21,2,14528
http://library.ucsd.edu/ark:/20775/bb21853886,1996-03-01,March 1996,1996-03-31,California Review,40,0,8915
http://library.ucsd.edu/ark:/20775/bb97963803,1989-04-11,"April 11, 1989",1989-04-11,Revellations,2,0,4206
http://library.ucsd.edu/ark:/20775/bb0683668v,1965-11-03,"November 3, 1965",1965-11-03,Sandscript,6,0,6368
http://library.ucsd.edu/ark:/20775/bb5427741z,1979-04-01,April 1979,1979-04-30,People's Voice,68,8,17419
http://library.ucsd.edu/ark:/20775/bb49499160,1966-11-23,"November 23, 1966",1966-11-23,The Indicator,10,0,5877
http://library.ucsd.edu/ark:/20775/bb0444759j,1990-06-01,Summer 1990,1990-08-31,The New Indicator,23,7,20171
http://library.ucsd.edu/ark:/20775/bb16051812,1968-02-20,"February 20, 1968",1968-02-20,The Indicator,46,1,11652
http://library.ucsd.edu/ark:/20775/bb25608194,1976-05-18,"May 18-24, 1976",1976-05-24,The New Indicator,45,10,15063
http://library.ucsd.edu/ark:/20775/bb78851029,1995-09-01,Fall 1995,1995-11-30,Revellations,0,4,5104
http://library.ucsd.edu/ark:/20775/bb67246801,1983-11-08,"November 8-21, 1983",1983-11-21,The New Indicator,56,6,17658
http://library.ucsd.edu/ark:/20775/bb3141027k,1966-04-22,"April 22, 1966",1966-04-22,The Revelle Times,20,1,7660
http://library.ucsd.edu/ark:/20775/bb0683669c,1974-03-05,"March 5, 1974",1974-03-05,Prensa Popular,23,8,22750
http://library.ucsd.edu/ark:/20775/bb5837300g,1989-01-01,January 1989,1989-01-31,California Review,29,5,13850
http://library.ucsd.edu/ark:/20775/bb9591600t,1979-05-07,"May 7, 1979",1979-05-07,The New Indicator,0,0,278
http://library.ucsd.edu/ark:/20775/bb14345273,1978-11-14,"November 14-27, 1978",1978-11-27,The New Indicator,36,6,13199
http://library.ucsd.edu/ark:/20775/bb5461870c,1976-06-01,June 1976,1976-06-30,Ujima,22,2,6939
http://library.ucsd.edu/ark:/20775/bb8533571h,1980-09-01,September 1980,1980-09-30,People's Voice,33,6,8610
http://library.ucsd.edu/ark:/20775/bb5291216b,1968-05-29,"May 29, 1968",1968-05-29,The Indicator,63,1,20697
http://library.ucsd.edu/ark:/20775/bb5905555r,1994-02-01,February 1994,1994-02-28,California Review,22,7,14469
http://library.ucsd.edu/ark:/20775/bb58373010,1979-02-01,February 1979,1979-02-28,People's Voice,66,17,15688
http://library.ucsd.edu/ark:/20775/bb2697817g,1969-10-15,"October 15, 1969",1969-10-15,The Indicator,16,1,13329
http://library.ucsd.edu/ark:/20775/bb94892103,1990-05-12,"May 12, 1990",1990-05-12,Revellations,9,4,4294
http://library.ucsd.edu/ark:/20775/bb2936247k,1987-10-30,"October 30, 1987",1987-10-30,Revellations,8,1,4763
http://library.ucsd.edu/ark:/20775/bb4949915g,1993-02-01,February 1993,1993-02-28,California Review,33,8,12147
http://library.ucsd.edu/ark:/20775/bb3857757f,2003-02-01,February 2003,2003-02-28,The New Indicator,17,0,19616
http://library.ucsd.edu/ark:/20775/bb40966674,1985-05-07,"May 7-20, 1985",1985-05-20,The New Indicator,14,4,10779
http://library.ucsd.edu/ark:/20775/bb60079474,1987-04-01,April-May 1987,1987-05-31,California Review,103,20,22982
http://library.ucsd.edu/ark:/20775/bb64175101,1982-05-24,"May 24, 1982",1982-05-24,California Review,67,16,14033
http://library.ucsd.edu/ark:/20775/bb51205702,1978-05-30,"May 30-June 11, 1978",1978-06-11,The New Indicator,7,0,7422
http://library.ucsd.edu/ark:/20775/bb7885101s,1987-04-01,April 1987,1987-04-30,Revellations,0,0,1754
http://library.ucsd.edu/ark:/20775/bb8704216t,1989-11-27,"November 27, 1989",1989-11-27,Revellations,12,6,4811
http://library.ucsd.edu/ark:/20775/bb45403585,1989-01-01,January 1989,1989-01-31,California Review,10,4,11344
http://library.ucsd.edu/ark:/20775/bb31751578,1985-11-26,"November 26-December 9, 1985",1985-12-09,The New Indicator,48,5,12929
http://library.ucsd.edu/ark:/20775/bb6861199j,1984-05-29,"May 29-June 11, 1984",1984-06-11,The New Indicator,44,7,20786
http://library.ucsd.edu/ark:/20775/bb1161489f,1987-10-27,"October 27-November 9, 1987",1987-11-09,The New Indicator,30,6,12842
http://library.ucsd.edu/ark:/20775/bb4199055h,1977-03-06,"March 6-20, 1977",1977-03-20,The New Indicator,11,0,9221
http://library.ucsd.edu/ark:/20775/bb8772478g,1970-11-18,"November 18, 1970",1970-11-18,Third World,49,3,9079
http://library.ucsd.edu/ark:/20775/bb7987491n,1982-02-02,"February 2-15, 1982",1982-02-15,The New Indicator,27,26,15205
http://library.ucsd.edu/ark:/20775/bb2390167t,1979-10-23,"October 23-November 5, 1979",1979-11-05,The New Indicator,26,6,13345
http://library.ucsd.edu/ark:/20775/bb8328791c,1981-04-28,"April 28-May 11, 1981",1981-05-11,The New Indicator,20,0,12848
http://library.ucsd.edu/ark:/20775/bb1161488x,1976-10-25,"October 25, 1976",1976-10-25,The New Indicator,4,0,3554
http://library.ucsd.edu/ark:/20775/bb5700778d,1987-06-15,June 15-September 1987,1987-09-30,The New Indicator,28,45,22614
http://library.ucsd.edu/ark:/20775/bb59055568,1965-04-28,"April 28, 1965",1965-04-28,Sandscript,9,0,3913
http://library.ucsd.edu/ark:/20775/bb1878219v,1978-03-21,"March 21-April 3, 1978",1978-04-03,The New Indicator,12,1,6783
http://library.ucsd.edu/ark:/20775/bb0990840t,1984-03-20,"March 20-April 3, 1984",1984-04-03,The New Indicator,16,11,10166
http://library.ucsd.edu/ark:/20775/bb42331871,1981-11-17,"November 17-December 1, 1981",1981-12-01,The New Indicator,21,13,8001
http://library.ucsd.edu/ark:/20775/bb8704217b,1968-09-25,"September 25, 1968",1968-09-25,The Indicator,24,2,12200
http://library.ucsd.edu/ark:/20775/bb38236288,1991-06-01,June 1991,1991-06-30,California Review,21,4,13298
http://library.ucsd.edu/ark:/20775/bb3311681m,1978-04-18,"April 18-May 2, 1978",1978-05-02,The New Indicator,36,0,6931
http://library.ucsd.edu/ark:/20775/bb4540357n,1979-03-20,"March 20-April 2, 1979",1979-04-02,The New Indicator,37,9,14964
http://library.ucsd.edu/ark:/20775/bb8328790v,1968-04-10,"April 10, 1968",1968-04-10,The Indicator,64,1,13304
http://library.ucsd.edu/ark:/20775/bb6212739s,1985-11-01,November-December 1985,1985-12-31,California Review,37,13,21531
http://library.ucsd.edu/ark:/20775/bb8772477z,1965-02-10,"February 10, 1965",1965-02-10,Sandscript,24,3,12865
http://library.ucsd.edu/ark:/20775/bb41990561,1977-11-22,"November 22-December 5, 1977",1977-12-05,The New Indicator,27,7,7014
http://library.ucsd.edu/ark:/20775/bb79874925,1978-02-21,"February 21-March 6, 1978",1978-03-06,The New Indicator,9,0,6980
http://library.ucsd.edu/ark:/20775/bb6792937d,1991-01-02,"January 2, 1991",1991-01-02,The New Indicator,2,1,1793
http://library.ucsd.edu/ark:/20775/bb5188828q,1987-04-13,"April 13-May 5, 1987",1987-05-05,The New Indicator,25,11,17365
http://library.ucsd.edu/ark:/20775/bb85335700,1982-12-01,Winter 1982,1982-02-28,Revellations,9,10,3303
http://library.ucsd.edu/ark:/20775/bb5427740f,1986-10-07,"October 7-20, 1986",1986-10-20,The New Indicator,9,2,17306
http://library.ucsd.edu/ark:/20775/bb5871431x,1965-03-19,"March 19, 1965",1965-03-19,Sandscript,7,3,5590
http://library.ucsd.edu/ark:/20775/bb6622290j,1965-03-03,"March 3, 1965",1965-03-03,Sandscript,8,2,7367
http://library.ucsd.edu/ark:/20775/bb33116803,1987-09-01,Fall 1987,1987-11-30,People's Voice,22,2,7161
http://library.ucsd.edu/ark:/20775/bb1366268t,1989-02-06,"February 6-20, 1989",1989-02-20,The New Indicator,12,3,6906
http://library.ucsd.edu/ark:/20775/bb96257297,1987-03-13,"March 13, 1987",1987-03-13,Revellations,11,13,5726
http://library.ucsd.edu/ark:/20775/bb2936249m,1991-03-01,March 1991,1991-03-31,Revellations,24,4,6301
http://library.ucsd.edu/ark:/20775/bb4199057j,1983-10-01,October 1983,1983-10-31,California Review,87,8,22961
http://library.ucsd.edu/ark:/20775/bb81922699,1981-02-03,"February 3-16, 1981",1981-02-16,The New Indicator,31,8,16707
http://library.ucsd.edu/ark:/20775/bb48134006,1992-06-01,June 1992,1992-06-30,Momentum,26,2,13607
http://library.ucsd.edu/ark:/20775/bb69977179,1982-11-02,"November 2-18, 1982",1982-11-18,The New Indicator,19,5,21429
http://library.ucsd.edu/ark:/20775/bb5359479t,1983-12-01,Winter 1983,1983-02-28,Revellations,4,4,3313
http://library.ucsd.edu/ark:/20775/bb18440881,1976-05-11,"May 11-17, 1976",1976-05-17,The New Indicator,76,13,13957
http://library.ucsd.edu/ark:/20775/bb7953357k,1981-09-22,"September 22-October 5, 1981",1981-10-05,The New Indicator,72,2,20257
http://library.ucsd.edu/ark:/20775/bb1878217t,1987-10-13,"October 13-26, 1987",1987-10-26,The New Indicator,34,23,13497
http://library.ucsd.edu/ark:/20775/bb6007946m,1976-06-01,Summer 1976,1976-08-31,The New Indicator,2,0,2646
http://library.ucsd.edu/ark:/20775/bb6690548f,1992-02-01,February-March 1992,1992-03-31,Momentum,32,1,9832
http://library.ucsd.edu/ark:/20775/bb36188510,1985-01-08,"January 8-January 21, 1985",1985-01-21,The New Indicator,25,9,10172
http://library.ucsd.edu/ark:/20775/bb8124009p,1980-09-01,Fall 1980,1980-11-30,Revellations,2,1,5101
http://library.ucsd.edu/ark:/20775/bb30045103,1991-06-01,"June/July, 1991",1991-07-31,The New Indicator,23,3,12547
http://library.ucsd.edu/ark:/20775/bb9113779q,1983-02-15,"February 15-28, 1983",1983-02-28,The New Indicator,33,0,21471
http://library.ucsd.edu/ark:/20775/bb5700776c,1982-03-03,"March 3-16, 1982",1982-03-16,The New Indicator,20,1,19563
http://library.ucsd.edu/ark:/20775/bb1536917k,1986-04-29,"April 29-May 12, 1986",1986-05-12,The New Indicator,38,3,17629
http://library.ucsd.edu/ark:/20775/bb07519300,1989-01-03,"Janauary 3-16, 1989",1989-01-16,The New Indicator,33,7,16107
http://library.ucsd.edu/ark:/20775/bb6792938x,1966-01-01,"January 1, 1966-February 28, 1966",1966-02-28,The Revelle Times,25,0,6797
http://library.ucsd.edu/ark:/20775/bb1605180j,1982-01-19,"January 19-February 1, 1982",1982-02-01,The New Indicator,24,15,19022
http://library.ucsd.edu/ark:/20775/bb6929460x,1982-11-16,"November 16-29, 1982",1982-11-29,The New Indicator,36,5,19694
http://library.ucsd.edu/ark:/20775/bb3175158s,1988-03-04,4-March 1988,1988-03-04,The New Indicator,22,2,16691
http://library.ucsd.edu/ark:/20775/bb6588158q,1991-09-01,Fall 1991,1991-11-30,Momentum,1,5,4361
http://library.ucsd.edu/ark:/20775/bb9557468x,1981-11-03,"November 3-16, 1981",1981-11-16,The New Indicator,43,1,14076
http://library.ucsd.edu/ark:/20775/bb72707580,1976-03-01,"March 1, 1976",1976-03-01,The New Indicator,11,0,5473
http://library.ucsd.edu/ark:/20775/bb3277549s,1990-01-31,"January 31, 1990",1990-01-31,Revellations,0,0,5507
http://library.ucsd.edu/ark:/20775/bb9182383j,2011-10-01,October 2011,2011-10-31,California Review,17,0,10926
http://library.ucsd.edu/ark:/20775/bb53594789,1982-02-16,"February 16-March 2, 1982",1982-03-02,The New Indicator,5,11,11897
http://library.ucsd.edu/ark:/20775/bb7373149x,1985-10-23,"October 23, 1985",1985-10-23,The University Report,35,10,18137
http://library.ucsd.edu/ark:/20775/bb37894985,1979-02-06,"February 6-19, 1979",1979-02-19,The New Indicator,56,4,16763
http://library.ucsd.edu/ark:/20775/bb2253650b,1970-12-03,"December 3, 1970",1970-12-03,Third World,17,1,6690
http://library.ucsd.edu/ark:/20775/bb3618860z,1975-02-01,February 1975,1975-02-28,Ujima,33,10,13476
http://library.ucsd.edu/ark:/20775/bb1127356z,1975-11-10,"November 10, 1975",1975-11-10,Natty Dread,5,17,13860
http://library.ucsd.edu/ark:/20775/bb9182038c,1965-09-26,"September 26, 1965",1965-09-26,Sandscript,0,0,3224
http://library.ucsd.edu/ark:/20775/bb9386819v,1989-11-22,"November 22, 1989-January 2, 1990",1990-01-02,The New Indicator,11,2,10874
http://library.ucsd.edu/ark:/20775/bb8874867f,1988-11-16,"November 16, 1988",1988-11-16,Revellations,4,0,5907
http://library.ucsd.edu/ark:/20775/bb64857715,1988-03-09,9-March 1988,1988-03-09,The New Indicator,22,4,12131
http://library.ucsd.edu/ark:/20775/bb8874866x,1976-01-19,"January 19, 1976",1976-01-19,Natty Dread,15,0,19282
http://library.ucsd.edu/ark:/20775/bb4608616p,1988-02-12,"February 12, 1988",1988-02-12,Revellations,15,5,7240
http://library.ucsd.edu/ark:/20775/bb5564259z,1988-05-21,21-May 1988,1988-05-21,The New Indicator,27,1,15583
http://library.ucsd.edu/ark:/20775/bb1980607j,1984-04-17,"April 17-30, 1984",1984-04-30,The New Indicator,39,5,15114
http://library.ucsd.edu/ark:/20775/bb7031850h,1987-12-01,December 1987,1987-12-31,California Review,36,4,15237
http://library.ucsd.edu/ark:/20775/bb03082394,1989-05-31,"May 31, 1989",1989-05-31,Revellations,5,9,5588
http://library.ucsd.edu/ark:/20775/bb65540260,1991-10-30,"October 30-November 12, 1991",1991-11-12,The New Indicator,15,0,12025
http://library.ucsd.edu/ark:/20775/bb6280990r,1989-10-04,"October 4, 1989",1989-10-04,Revellations,13,2,6641
http://library.ucsd.edu/ark:/20775/bb9182039w,1991-01-16,"January 16-30, 1991",1991-01-30,The New Indicator,28,2,17732
http://library.ucsd.edu/ark:/20775/bb5359477s,2001-03-01,Spring 2001,2001-05-31,California Review,24,13,11365
http://library.ucsd.edu/ark:/20775/bb6110337s,1989-10-11,"October 11-24, 1989",1989-10-24,The New Indicator,8,0,5072
http://library.ucsd.edu/ark:/20775/bb0615407q,1993-11-01,November-December 1993,1993-12-31,Momentum,12,8,8568
http://library.ucsd.edu/ark:/20775/bb78168377,1987-02-01,February 1987,1987-02-28,California Review,38,1,18853
http://library.ucsd.edu/ark:/20775/bb2082996r,1980-11-01,November 1980,1980-11-30,People's Voice,25,23,15608
http://library.ucsd.edu/ark:/20775/bb9796381m,1965-04-01,"April 1, 1965",1965-04-01,Sandscript,7,0,2764
http://library.ucsd.edu/ark:/20775/bb1775827d,1969-05-01,"May 1, 1969",1969-05-01,The Indicator,45,7,10422
http://library.ucsd.edu/ark:/20775/bb66222912,1966-01-28,"January 28, 1966",1966-01-28,Sandscript,7,0,6364
http://library.ucsd.edu/ark:/20775/bb7373148d,1974-02-05,"February 5-18, 1974",1974-02-18,North Star,56,7,22273
http://library.ucsd.edu/ark:/20775/bb44038379,1985-06-04,"June 4-September 24, 1985",1985-09-24,The New Indicator,17,6,15023
http://library.ucsd.edu/ark:/20775/bb4096668n,1972-02-07,"February 7, 1972",1972-02-07,Crazy Times,44,1,14069
http://library.ucsd.edu/ark:/20775/bb8124007n,1966-05-20,"May 20,1966",1966-05-20,The Revelle Times,22,1,9641
http://library.ucsd.edu/ark:/20775/bb6212728s,1988-06-01,June 1988,1988-06-30,California Review,18,2,10924
http://library.ucsd.edu/ark:/20775/bb1946480v,1977-02-01,February 1977,1977-02-28,The New Indicator,51,5,18303
http://library.ucsd.edu/ark:/20775/bb61103389,1975-10-01,October 1975,1975-10-31,Ujima,63,12,19362
http://library.ucsd.edu/ark:/20775/bb3857758z,1977-05-12,"May 12-26, 1977",1977-05-26,The New Indicator,11,5,13485
http://library.ucsd.edu/ark:/20775/bb50864387,1988-06-01,"June 1, 1988",1988-06-01,The New Indicator,16,46,12612
http://library.ucsd.edu/ark:/20775/bb7680319j,1990-06-01,June 1990,1990-06-30,California Review,7,12,14370
http://library.ucsd.edu/ark:/20775/bb1844089j,1975-11-17,"November 17, 1975",1975-11-17,Natty Dread,7,4,16313
http://library.ucsd.edu/ark:/20775/bb6554027h,1979-04-03,"April 3-16, 1979",1979-04-16,The New Indicator,31,1,9104
http://library.ucsd.edu/ark:/20775/bb0308238m,1991-04-01,April 1991,1991-04-30,Revellations,12,11,4677
http://library.ucsd.edu/ark:/20775/bb1263878d,1989-05-08,"May 8-June 8, 1989",1989-06-08,The New Indicator,13,4,12546
http://library.ucsd.edu/ark:/20775/bb4506230k,1974-04-09,"April 9, 1974",1974-04-09,Prensa Popular,14,19,24176
http://library.ucsd.edu/ark:/20775/bb81240085,1990-02-14,"February 14, 1990",1990-02-14,Revellations,4,0,5263
http://library.ucsd.edu/ark:/20775/bb3857759g,1989-10-01,October 1989,1989-10-31,California Review,20,3,15349
http://library.ucsd.edu/ark:/20775/bb8874868z,1980-06-10,"June 10-September 1, 1980",1980-09-01,The New Indicator,31,3,11958
http://library.ucsd.edu/ark:/20775/bb32775488,1995-12-01,Winter 1995,1995-02-28,Revellations,21,0,5581
http://library.ucsd.edu/ark:/20775/bb6076211p,1990-04-18,"April 18-May 1, 1990",1990-05-01,The New Indicator,5,1,9340
http://library.ucsd.edu/ark:/20775/bb1468657s,1984-01-10,"January 10-23, 1984",1984-01-23,The New Indicator,22,15,15493
http://library.ucsd.edu/ark:/20775/bb64516352,2002-02-01,February 2002,2002-02-28,The New Indicator,52,29,27579
http://library.ucsd.edu/ark:/20775/bb8601828f,1979-11-06,"November 6-19, 1979",1979-11-19,The New Indicator,16,7,14937
http://library.ucsd.edu/ark:/20775/bb7134242z,1985-10-15,"October 15-28, 1985",1985-10-28,The New Indicator,22,11,9575
http://library.ucsd.edu/ark:/20775/bb56325187,1987-11-24,"November 24-December 8, 1987",1987-12-08,The New Indicator,26,6,17251
http://library.ucsd.edu/ark:/20775/bb5973820w,1988-01-01,January 1988,1988-01-31,California Review,19,1,12331
http://library.ucsd.edu/ark:/20775/bb62127299,1979-05-15,"May 15-28, 1979",1979-05-28,The New Indicator,61,16,19207
http://library.ucsd.edu/ark:/20775/bb92844327,1981-01-06,"January 6-19, 1981",1981-01-19,The New Indicator,46,5,17115
http://library.ucsd.edu/ark:/20775/bb7270759h,2009-02-01,February 2009,2009-02-28,California Review,18,4,9301
http://library.ucsd.edu/ark:/20775/bb61786015,1996-05-01,May 1996,1996-05-31,California Review,26,10,9145
http://library.ucsd.edu/ark:/20775/bb6861197h,1972-02-08,"between February 8, 1972 and December 31, 1972",1972-12-31,Crazy Times,52,3,10708
http://library.ucsd.edu/ark:/20775/bb2731467p,1975-11-03,"November 3, 1975",1975-11-03,Natty Dread,12,1,16947
http://library.ucsd.edu/ark:/20775/bb46086176,1988-10-19,"October 19, 1988",1988-10-19,Revellations,37,34,6994
http://library.ucsd.edu/ark:/20775/bb2594949t,1968-05-09,"May 9, 1968",1968-05-09,The Indicator,54,5,14283
http://library.ucsd.edu/ark:/20775/bb7816838r,1989-04-04,"April 4-18, 1989",1989-04-18,The New Indicator,23,1,16751
http://library.ucsd.edu/ark:/20775/bb0205850j,1985-03-19,"March 19-April 2, 1985",1985-04-02,The New Indicator,24,4,12102
http://library.ucsd.edu/ark:/20775/bb68611981,1983-05-01,May 1983,1983-05-31,California Review,115,17,25089
http://library.ucsd.edu/ark:/20775/bb61103368,1997-06-01,June 1997,1997-06-30,California Review,5,2,7455
http://library.ucsd.edu/ark:/20775/bb2492558t,1988-05-11,"May 11, 1988",1988-05-11,Revellations,13,3,5567
http://library.ucsd.edu/ark:/20775/bb7134243g,1982-03-01,Spring 1982,1982-05-31,Revellations,1,0,3475
http://library.ucsd.edu/ark:/20775/bb3721238s,1977-01-01,January 1977,1977-01-31,The New Indicator,21,17,8100
http://library.ucsd.edu/ark:/20775/bb41307984,2003-06-01,June 2003,2003-06-30,The New Indicator,6,0,13180
http://library.ucsd.edu/ark:/20775/bb4096666m,1978-06-13,"June 13, 1978",1978-06-13,People's Voice,12,7,6587
http://library.ucsd.edu/ark:/20775/bb63833805,1989-02-14,"February 14, 1989",1989-02-14,Revellations,5,0,5243
http://library.ucsd.edu/ark:/20775/bb9045520c,1988-10-01,October 1988,1988-10-31,California Review,15,0,12386
http://library.ucsd.edu/ark:/20775/bb35164600,1995-03-01,Spring 1995,1995-05-31,Revellations,2,0,4240
http://library.ucsd.edu/ark:/20775/bb33116798,1977-06-01,"June 1-5, 1977",1977-06-05,The New Indicator,19,2,12134
http://library.ucsd.edu/ark:/20775/bb55983863,1972-05-01,May 1972,1972-05-31,Black Voices,77,2,17796
http://library.ucsd.edu/ark:/20775/bb9318559m,1987-01-20,"January 20-February 3, 1987",1987-02-03,The New Indicator,17,0,10192
http://library.ucsd.edu/ark:/20775/bb9420946s,1988-02-01,February 1988,1988-02-28,People's Voice,19,9,6583
http://library.ucsd.edu/ark:/20775/bb5018181v,1971-01-27,"January 27, 1971",1971-01-27,Third World,14,5,6594
http://library.ucsd.edu/ark:/20775/bb52570879,1991-05-22,"May 22-June5, 1991",1991-06-05,The New Indicator,29,11,11759
http://library.ucsd.edu/ark:/20775/bb8226743t,1991-10-01,October 1991,1991-10-31,California Review,26,2,17252
http://library.ucsd.edu/ark:/20775/bb1775828x,1988-02-24,"February 24, 1988",1988-02-24,Revellations,32,21,7232
http://library.ucsd.edu/ark:/20775/bb2663211w,1967-01-13,"January 13, 1967",1967-01-13,The Indicator,58,1,7605
http://library.ucsd.edu/ark:/20775/bb1673438f,1978-11-28,"November 28, 1978-January 4, 1979",1979-01-04,The New Indicator,25,1,9055
http://library.ucsd.edu/ark:/20775/bb0444760c,1989-10-25,"October 25, 1989",1989-10-25,Revellations,21,7,5663
http://library.ucsd.edu/ark:/20775/bb09908390,1995-09-01,Fall 1995,1995-11-30,Revellations,13,4,6627
http://library.ucsd.edu/ark:/20775/bb3311678r,1983-02-01,February 1983,1983-02-28,People's Voice,41,24,22841
http://library.ucsd.edu/ark:/20775/bb1024968k,1971-10-20,"October 20, 1971",1971-10-20,Dimension,25,1,6897
http://library.ucsd.edu/ark:/20775/bb80216177,1988-03-09,"March 9, 1988",1988-03-09,Revellations,21,9,5868
http://library.ucsd.edu/ark:/20775/bb8635960g,1987-06-05,"June 5, 1987",1987-06-05,Revellations,15,1,3272
http://library.ucsd.edu/ark:/20775/bb1673437x,1994-02-01,February 1994,1994-02-28,The New Indicator,50,36,27773
http://library.ucsd.edu/ark:/20775/bb3482328d,1975-09-01,September 1975,1975-09-30,Ujima,35,5,13922
http://library.ucsd.edu/ark:/20775/bb52915621,1992-11-01,November 1992,1992-11-30,California Review,39,3,13949
http://library.ucsd.edu/ark:/20775/bb2560820z,1988-10-11,"October 11-24, 1988",1988-10-24,The New Indicator,10,1,7326
http://library.ucsd.edu/ark:/20775/bb8328788h,1980-02-05,"February 5-18, 1980",1980-02-18,The New Indicator,67,6,26892
http://library.ucsd.edu/ark:/20775/bb0649539f,1989-12-06,"December 6, 1989-January 2, 1990",1990-01-02,The New Indicator,9,0,5009
http://library.ucsd.edu/ark:/20775/bb94209479,1984-05-01,May 1984,1984-05-31,California Review,35,3,17898
http://library.ucsd.edu/ark:/20775/bb3448197b,1983-03-01,"March 1-14, 1983",1983-03-14,The New Indicator,54,3,23862
http://library.ucsd.edu/ark:/20775/bb07860567,1968-01-19,"January 19, 1968",1968-01-19,The Indicator,29,0,9005
http://library.ucsd.edu/ark:/20775/bb25266882,1974-11-01,November/December 1974,1974-12-31,Prensa Popular,26,17,24958
http://library.ucsd.edu/ark:/20775/bb7748578z,1985-10-01,October 1985,1985-10-31,California Review,46,11,19958
http://library.ucsd.edu/ark:/20775/bb2902120r,1988-09-27,"September 27-October 10, 1988",1988-10-10,The New Indicator,3,4,9200
http://library.ucsd.edu/ark:/20775/bb7714450m,1979-11-20,"November 20 1979-December 3, 1979",1979-12-03,The New Indicator,23,4,14166
http://library.ucsd.edu/ark:/20775/bb6451638m,1980-03-04,"March 4-17, 1980",1980-03-17,The New Indicator,50,1,11402
http://library.ucsd.edu/ark:/20775/bb2799729q,2002-02-01,February 2002,2002-02-28,California Review,50,4,20515
http://library.ucsd.edu/ark:/20775/bb8021616q,1986-10-24,"October 24, 1986",1986-10-24,Revellations,0,9,4990
http://library.ucsd.edu/ark:/20775/bb6315119q,2001-04-02,"April 2, 2001",2001-04-02,The New Indicator,5,5,15217
http://library.ucsd.edu/ark:/20775/bb6178600n,1973-11-26,"November 26, 1973",1973-11-26,Prensa Popular,23,15,15940
http://library.ucsd.edu/ark:/20775/bb73048887,1966-03-18,"March 18, 1966",1966-03-18,Sandscript,10,0,6086
http://library.ucsd.edu/ark:/20775/bb2560821g,1971-03-05,"March 5, 1971",1971-03-05,Third World,47,9,20536
http://library.ucsd.edu/ark:/20775/bb9898772m,1990-11-19,"November 19, 1990",1990-11-19,Revellations,8,5,5622
http://library.ucsd.edu/ark:/20775/bb0786057r,1969-04-16,"April 16, 1969",1969-04-16,The Indicator,3,0,4956
http://library.ucsd.edu/ark:/20775/bb5564258f,1978-10-31,"October 31-November 13, 1978",1978-11-13,The New Indicator,20,17,6251
http://library.ucsd.edu/ark:/20775/bb9318557k,1987-02-13,"February 13, 1987",1987-02-13,Revellations,1,14,4381
http://library.ucsd.edu/ark:/20775/bb36529761,1987-06-01,June 1987,1987-06-30,California Review,85,6,23487
http://library.ucsd.edu/ark:/20775/bb9420948t,1977-10-01,October 1977,1977-10-31,Revellations,2,0,4127
http://library.ucsd.edu/ark:/20775/bb7646187z,1983-05-03,"May 3-May 16, 1983",1983-05-16,The New Indicator,16,7,22421
http://library.ucsd.edu/ark:/20775/bb1229747z,1981-12-01,Winter 1981,1981-02-28,Revellations,7,0,3158
http://library.ucsd.edu/ark:/20775/bb24584307,1987-10-27,"October 27-November 9, 1987",1987-11-09,The New Indicator,30,2,17272
http://library.ucsd.edu/ark:/20775/bb12297490,1988-11-08,"November 8-22, 1988",1988-11-22,The New Indicator,10,1,6346
http://library.ucsd.edu/ark:/20775/bb26973376,1980-03-18,"March 18-31, 1980",1980-03-31,The New Indicator,28,3,15874
http://library.ucsd.edu/ark:/20775/bb39946212,1993-03-01,May 1993,1993-03-31,California Review,38,2,13307
http://library.ucsd.edu/ark:/20775/bb9659857w,1979-09-25,"September 25-October 8, 1979",1979-10-08,The New Indicator,10,2,9517
http://library.ucsd.edu/ark:/20775/bb23219099,1977-09-01,September 1977,1977-09-30,The New Indicator,0,0,334
http://library.ucsd.edu/ark:/20775/bb25266861,1980-05-27,"May 27-June 9, 1980",1980-06-09,The New Indicator,41,1,15666
http://library.ucsd.edu/ark:/20775/bb2356039x,1965-06-08,"June 8, 1965",1965-06-08,Sandscript,6,0,3735
http://library.ucsd.edu/ark:/20775/bb46427474,1976-06-01,June 1976,1976-06-30,The New Indicator,71,11,28293
http://library.ucsd.edu/ark:/20775/bb63151186,1993-05-01,May-June 1993,1993-06-30,Momentum,11,17,12145
http://library.ucsd.edu/ark:/20775/bb3926021j,1983-04-01,April 1983,1983-04-30,People's Voice,46,7,25721
http://library.ucsd.edu/ark:/20775/bb27997286,1994-02-01,February-March 1994,1994-03-31,Momentum,34,53,20422
http://library.ucsd.edu/ark:/20775/bb5632865f,1994-02-01,February 1994,1994-02-28,California Review,28,4,13756
http://library.ucsd.edu/ark:/20775/bb3448199c,1990-11-14,"November 14-27, 1990",1990-11-27,The New Indicator,18,3,10606
http://library.ucsd.edu/ark:/20775/bb7304889r,1972-02-08,"between February 8, 1972 and December 31, 1972",1972-12-31,Crazy Times,33,5,14029
http://library.ucsd.edu/ark:/20775/bb5257086s,1983-01-18,"January 18-31, 1983",1983-01-31,The New Indicator,52,4,22614
http://library.ucsd.edu/ark:/20775/bb7065979c,1981-06-09,"June 9-September 1, 1981",1981-09-01,The New Indicator,39,5,18598
http://library.ucsd.edu/ark:/20775/bb68953269,1977-04-11,"April 11-25, 1977",1977-04-25,The New Indicator,26,6,11435
http://library.ucsd.edu/ark:/20775/bb1400399t,1982-01-02,"January 2-17, 1982",1982-01-17,The New Indicator,60,8,27321
http://library.ucsd.edu/ark:/20775/bb3243418k,1976-05-01,May 1976,1976-05-31,Ujima,15,2,12518
http://library.ucsd.edu/ark:/20775/bb6451636k,1986-02-25,"February 25-March 10, 1986",1986-03-10,The New Indicator,24,3,10938
http://library.ucsd.edu/ark:/20775/bb3448201b,1968-10-23,"October 23, 1968",1968-10-23,The Indicator,44,1,11046
http://library.ucsd.edu/ark:/20775/bb6349245b,1971-12-01,"December 1, 1971",1971-12-01,Dimension,39,6,11079
http://library.ucsd.edu/ark:/20775/bb7509667m,1982-03-30,"March 30-April 12, 1982",1982-04-12,The New Indicator,15,3,22161
http://library.ucsd.edu/ark:/20775/bb6178602p,1967-12-01,"December 1, 1967",1967-12-01,The Indicator,14,0,10616
http://library.ucsd.edu/ark:/20775/bb0445239r,1970-04-28,"April 28, 1970",1970-04-28,The Indicator,52,0,13858
http://library.ucsd.edu/ark:/20775/bb55301303,1989-10-25,"October 25-November 8, 1989",1989-11-08,The New Indicator,16,2,8434
http://library.ucsd.edu/ark:/20775/bb0137589x,1992-04-01,April 1992,1992-04-30,Momentum,6,15,9403
http://library.ucsd.edu/ark:/20775/bb2253651v,1982-03-01,March 1982,1982-03-31,People's Voice,29,18,18185
http://library.ucsd.edu/ark:/20775/bb96257276,1978-01-10,"January 10-23, 1978",1978-01-23,The New Indicator,14,2,12644
http://library.ucsd.edu/ark:/20775/bb82605272,1984-12-04,"December 4-January 7, 1985",1985-01-07,The New Indicator,21,9,9593
http://library.ucsd.edu/ark:/20775/bb34140711,1985-04-01,April-May 1985,1985-05-31,California Review,23,0,18001
http://library.ucsd.edu/ark:/20775/bb3448198v,1986-11-04,"November 4-17, 1986",1986-11-17,The New Indicator,24,1,10655
http://library.ucsd.edu/ark:/20775/bb72024956,1973-01-01,January 1973,1973-01-31,Nine,0,0,1067
http://library.ucsd.edu/ark:/20775/bb36529782,1980-09-01,Fall 1980,1980-11-30,Revellations,11,10,4383
http://library.ucsd.edu/ark:/20775/bb4847526h,1978-06-01,June 1978,1978-06-30,The New Indicator,0,0,830
http://library.ucsd.edu/ark:/20775/bb8431180h,1982-09-01,Fall 1982,1982-11-30,Revellations,1,0,3657
http://library.ucsd.edu/ark:/20775/bb48816590,1987-02-17,"February 17-March 2, 1987",1987-03-02,The New Indicator,27,2,16788
http://library.ucsd.edu/ark:/20775/bb8465306f,1980-02-01,February 1980,1980-02-28,People's Voice,45,8,21399
http://library.ucsd.edu/ark:/20775/bb0786059s,1981-09-01,September 1981,1981-09-30,People's Voice,20,33,18051
http://library.ucsd.edu/ark:/20775/bb9898770k,2003-12-01,December 2003,2003-12-31,The New Indicator,17,4,13985
http://library.ucsd.edu/ark:/20775/bb7475539d,1983-10-25,"October 25-November 7, 1983",1983-11-07,The New Indicator,51,7,20976
http://library.ucsd.edu/ark:/20775/bb16393091,1988-05-12,12-May 1988,1988-05-12,The New Indicator,88,19,12356
http://library.ucsd.edu/ark:/20775/bb9386820p,1979-01-23,"January 23-February 4, 1979",1979-02-04,The New Indicator,28,2,11743
http://library.ucsd.edu/ark:/20775/bb47792698,1981-12-01,Winter 1981,1981-02-28,Revellations,0,6,3858
http://library.ucsd.edu/ark:/20775/bb2697338q,1990-04-26,"April 26, 1990",1990-04-26,Revellations,11,0,3901
http://library.ucsd.edu/ark:/20775/bb1229746f,1989-02-01,"February 1, 1989",1989-02-01,Revellations,11,28,6369
http://library.ucsd.edu/ark:/20775/bb7577929w,1972-04-05,"April 5, 1972",1972-04-05,Dimension,15,0,6313
http://library.ucsd.edu/ark:/20775/bb1639308h,1982-10-01,October 1982,1982-10-31,California Review,57,4,26517
http://library.ucsd.edu/ark:/20775/bb0069327q,1972-02-02,"February 2, 1972",1972-02-02,Dimension,35,5,10797
http://library.ucsd.edu/ark:/20775/bb3106900k,1981-03-03,"March 3-16, 1981",1981-03-16,The New Indicator,19,4,20436
http://library.ucsd.edu/ark:/20775/bb0171718z,1982-09-01,September 1982,1982-09-30,People's Voice,29,15,13187
http://library.ucsd.edu/ark:/20775/bb2253649h,1979-09-01,Fall 1979?,1979-11-30,Revellations,2,4,2867
http://library.ucsd.edu/ark:/20775/bb93185562,2001-02-01,February 2001,2001-02-28,The New Indicator,49,20,16583
http://library.ucsd.edu/ark:/20775/bb48475271,1981-09-01,Fall 1981,1981-11-30,Revellations,11,3,3432
http://library.ucsd.edu/ark:/20775/bb9659856c,1991-05-01,May 1991,1991-05-31,Revellations,20,1,5285
http://library.ucsd.edu/ark:/20775/bb9489555z,2002-03-25,"Special Edition, Spring 2002",2002-06-14,California Review,1,2,4580
http://library.ucsd.edu/ark:/20775/bb84311811,1981-04-14,"April 14-27, 1981",1981-04-27,The New Indicator,38,17,20082
http://library.ucsd.edu/ark:/20775/bb28679917,1969-10-29,"October 29, 1969",1969-10-29,The Indicator,21,0,7341
http://library.ucsd.edu/ark:/20775/bb83970501,1989-11-08,"November 8, 1989",1989-11-08,Revellations,19,0,6317
http://library.ucsd.edu/ark:/20775/bb3209289j,1990-01-18,"January 18, 1990",1990-01-18,Revellations,10,10,5474
http://library.ucsd.edu/ark:/20775/bb8840739s,1992-01-29,"Janauary 29, 1992",1992-01-29,The New Indicator,4,4,5138
http://library.ucsd.edu/ark:/20775/bb75096684,1984-02-21,"February 21, March 5, 1984",1984-03-05,The New Indicator,13,12,12727
http://library.ucsd.edu/ark:/20775/bb4779268r,1988-12-06,"December 6, 1988-January 3, 1989",1989-01-03,The New Indicator,39,3,9971
http://library.ucsd.edu/ark:/20775/bb2867990q,1986-10-31,October-November 1986,1986-11-30,California Review,38,0,16993
http://library.ucsd.edu/ark:/20775/bb83970496,1990-10-01,October 1990,1990-10-31,Revellations,17,10,5606
http://library.ucsd.edu/ark:/20775/bb04451069,2003-05-06,"May 6, 2003",2003-05-06,California Review,26,11,15426
http://library.ucsd.edu/ark:/20775/bb0137588d,1990-10-17,"October 17-30, 1990",1990-10-30,The New Indicator,1,0,5443
http://library.ucsd.edu/ark:/20775/bb1059099q,1981-03-10,"March 10, 1981",1981-03-10,The New Indicator,16,12,11591
http://library.ucsd.edu/ark:/20775/bb9216168m,1969-05-14,"May 14, 1969",1969-05-14,The Indicator,39,0,9774
http://library.ucsd.edu/ark:/20775/bb0069329r,1966-12-09,"December 9, 1966",1966-12-09,The Indicator,36,1,11765
http://library.ucsd.edu/ark:/20775/bb6758810b,1965-03-10,"March 10, 1965",1965-03-10,Sandscript,4,0,6381
http://library.ucsd.edu/ark:/20775/bb3652977j,1974-12-01,December 1974-January 1975,1975-01-31,Ujima,81,71,19693
http://library.ucsd.edu/ark:/20775/bb5769038b,1971-12-06,"December 6, 1971",1971-12-06,Crazy Times,13,1,7484
http://library.ucsd.edu/ark:/20775/bb9455077x,2003-11-01,November 2003,2003-11-30,The New Indicator,106,0,20922
http://library.ucsd.edu/ark:/20775/bb45062266,1976-01-01,January 1976,1976-01-31,Ujima,16,2,5285
http://library.ucsd.edu/ark:/20775/bb2697336p,1980-04-01,"April 1-14, 1980",1980-04-14,The New Indicator,33,2,17337
http://library.ucsd.edu/ark:/20775/bb7577928c,1989-11-08,"November 8-24, 1989",1989-11-24,The New Indicator,16,2,16066
http://library.ucsd.edu/ark:/20775/bb4915791k,1979-04-17,"April 17-30, 1979",1979-04-30,The New Indicator,34,2,14745
http://library.ucsd.edu/ark:/20775/bb3891889d,1982-06-01,June 1982,1982-06-30,People's Voice,27,5,13320
http://library.ucsd.edu/ark:/20775/bb54959955,1965-12-13,December 13 1965,1965-12-13,Sandscript,5,1,4287
http://library.ucsd.edu/ark:/20775/bb25949489,1981-05-26,"May 26-June 8, 1981",1981-06-08,The New Indicator,85,8,20050
http://library.ucsd.edu/ark:/20775/bb6417511j,1976-04-06,"April 6-20, 1976",1976-04-20,The New Indicator,24,13,14914
http://library.ucsd.edu/ark:/20775/bb3891888w,1988-04-01,April 1988,1988-04-30,California Review,36,6,9499
http://library.ucsd.edu/ark:/20775/bb84653090,1986-03-01,March 1986,1986-03-31,California Review,59,9,17255
http://library.ucsd.edu/ark:/20775/bb5052306h,1991-12-01,December 1991,1991-12-31,The New Indicator,8,2,19244
http://library.ucsd.edu/ark:/20775/bb7782710v,1982-09-24,"September 24-October 4, 1982",1982-10-04,The New Indicator,33,2,15697
http://library.ucsd.edu/ark:/20775/bb5871430d,1985-03-05,"March 5-18, 1985",1985-03-18,The New Indicator,14,3,16554
http://library.ucsd.edu/ark:/20775/bb4881658g,1994-02-01,February 1994,1994-02-28,People's Voice,39,5,13828
http://library.ucsd.edu/ark:/20775/bb2321908s,1981-09-01,September 1981,1981-09-30,Revellations,1,0,4042
http://library.ucsd.edu/ark:/20775/bb9455078f,1984-11-20,"November 20-December 3, 1984",1984-12-03,The New Indicator,21,10,18053
http://library.ucsd.edu/ark:/20775/bb5257089b,1984-03-01,March 1984,1984-03-31,California Review,36,11,18318
http://library.ucsd.edu/ark:/20775/bb33799377,1984-10-23,"October 23-November 5, 1984",1984-11-05,The New Indicator,62,20,19586
http://library.ucsd.edu/ark:/20775/bb6007948n,1965-02-24,"February 24, 1965",1965-02-24,Sandscript,6,2,6331
http://library.ucsd.edu/ark:/20775/bb2287776n,1988-10-05,"October 5, 1988",1988-10-05,Revellations,11,6,5589
http://library.ucsd.edu/ark:/20775/bb8294659s,1985-11-12,"November 12-25, 1985",1985-11-25,The New Indicator,30,6,16379
http://library.ucsd.edu/ark:/20775/bb8465308g,1990-03-01,Spring 1990,1990-05-31,People's Voice,12,11,8346
http://library.ucsd.edu/ark:/20775/bb1024970x,1983-03-01,March 1983,1983-03-31,California Review,77,3,25002
http://library.ucsd.edu/ark:/20775/bb50523071,1984-11-06,"November 6-19, 1984",1984-11-19,The New Indicator,9,6,7638
http://library.ucsd.edu/ark:/20775/bb4506227q,2005-10-01,October 2005,2005-10-31,California Review,28,14,14732
http://library.ucsd.edu/ark:/20775/bb83287891,1984-05-02,"May 2-15, 1984",1984-05-15,The New Indicator,27,2,15832
http://library.ucsd.edu/ark:/20775/bb58372991,2003-11-04,"November 4, 2003",2003-11-04,California Review,49,0,14894
http://library.ucsd.edu/ark:/20775/bb10590986,1984-06-01,June 1984,1984-06-30,California Review,49,9,17696
http://library.ucsd.edu/ark:/20775/bb0274106b,1989-02-01,"February 1-14, 1989",1989-02-14,The New Indicator,6,10,8828
http://library.ucsd.edu/ark:/20775/bb7782711c,1988-01-20,"January 20, 1988",1988-01-20,Revellations,14,2,4928
http://library.ucsd.edu/ark:/20775/bb49157902,1978-05-16,"May 16-29, 1978",1978-05-29,The New Indicator,37,2,12626
http://library.ucsd.edu/ark:/20775/bb0001070k,1972-01-12,"January 12, 1972",1972-01-12,Dimension,8,0,5822
http://library.ucsd.edu/ark:/20775/bb9147910v,1981-12-02,"December 2, 1981-January 4, 1982",1982-01-04,The New Indicator,16,1,9282
http://library.ucsd.edu/ark:/20775/bb07177983,1983-04-19,"April 19-May 2, 1983",1983-05-02,The New Indicator,47,9,23292
http://library.ucsd.edu/ark:/20775/bb16393070,1992-02-01,February 1992,1992-02-28,Revellations,1,8,2234
http://library.ucsd.edu/ark:/20775/bb9830507b,1982-05-11,"May 11-23, 1982",1982-05-23,The New Indicator,23,0,11564
http://library.ucsd.edu/ark:/20775/bb7509678m,1991-01-30,"January 30-February 5, 1991",1991-02-05,The New Indicator,6,1,6485
http://library.ucsd.edu/ark:/20775/bb0171716x,1969-02-26,"February 26, 1969",1969-02-26,The Indicator,36,1,13024
http://library.ucsd.edu/ark:/20775/bb45744906,1977-09-28,"September 28, 1977",1977-09-28,The New Indicator,20,0,8952
http://library.ucsd.edu/ark:/20775/bb22877775,1968-04-24,"April 24, 1968",1968-04-24,The Indicator,86,15,18276
http://library.ucsd.edu/ark:/20775/bb80216198,1991-10-16,"October 16-28, 1991",1991-10-28,The New Indicator,2,8,3997
http://library.ucsd.edu/ark:/20775/bb39260201,1994-03-01,Spring 1994,1994-05-31,Revellations,0,8,3842
http://library.ucsd.edu/ark:/20775/bb3379936q,1983-04-05,"April 5-18, 1983",1983-04-18,The New Indicator,55,28,28255
http://library.ucsd.edu/ark:/20775/bb43014469,2001-11-01,November 2001,2001-11-30,The New Indicator,20,4,23318
http://library.ucsd.edu/ark:/20775/bb0717797k,1987-11-13,"November 13, 1987",1987-11-13,Revellations,15,3,5152
http://library.ucsd.edu/ark:/20775/bb1912349b,1965-05-19,"May 19, 1965",1965-05-19,Sandscript,0,1,3494
http://library.ucsd.edu/ark:/20775/bb0239978w,1981-03-31,"March 31-April 14, 1981",1981-04-14,The New Indicator,21,7,10795
http://library.ucsd.edu/ark:/20775/bb0581277v,1980-10-07,"October 7-20, 1980",1980-10-20,The New Indicator,101,13,20979
http://library.ucsd.edu/ark:/20775/bb45062287,1992-11-01,November-December 1992,1992-12-31,Momentum,20,0,12350
http://library.ucsd.edu/ark:/20775/bb3652979k,1989-04-26,"April 26, 1989",1989-04-26,Revellations,4,5,5217
http://library.ucsd.edu/ark:/20775/bb9216166k,2004-03-01,March 2004,2004-03-31,The New Indicator,31,4,15297
http://library.ucsd.edu/ark:/20775/bb9284429c,1976-02-17,"February 17, 1976",1976-02-17,The New Indicator,22,4,19031
http://library.ucsd.edu/ark:/20775/bb3516461h,1978-06-12,"June 12, 1978",1978-06-12,The New Indicator,40,3,18639
http://library.ucsd.edu/ark:/20775/bb6349248w,1972-02-08,"between February 8, 1972 and December 31, 1972",1972-12-31,Crazy Times,56,7,27287
http://library.ucsd.edu/ark:/20775/bb14004008,1982-10-05,"October 5-18, 1982",1982-10-18,The New Indicator,14,4,5684
http://library.ucsd.edu/ark:/20775/bb9830506t,1992-04-23,"April 23, 1992",1992-04-23,The New Indicator,24,22,15377
http://library.ucsd.edu/ark:/20775/bb7748577f,1987-05-22,"May 22, 1987",1987-05-22,Revellations,28,0,5361
http://library.ucsd.edu/ark:/20775/bb2458431r,1973-10-16,"October 16, 1973",1973-10-16,Prensa Popular,18,8,21354
http://library.ucsd.edu/ark:/20775/bb5769039v,1983-05-31,"May 31-June 13, 1983",1983-06-13,The New Indicator,24,8,29002
http://library.ucsd.edu/ark:/20775/bb00693287,1965-10-29,"October 29, 1965",1965-10-29,Sandscript,9,1,8171
http://library.ucsd.edu/ark:/20775/bb7270760b,1990-02-28,"February 28-March 13, 1990",1990-03-13,The New Indicator,13,3,16250
http://library.ucsd.edu/ark:/20775/bb1912348t,1990-02-01,"February 1-14, 1990",1990-02-14,The New Indicator,15,6,10693
http://library.ucsd.edu/ark:/20775/bb5666649f,1986-12-01,December 1986,1986-12-31,Revellations,25,0,6498
http://library.ucsd.edu/ark:/20775/bb0239979d,2002-06-01,June 2002,2002-06-30,The New Indicator,42,33,22140
http://library.ucsd.edu/ark:/20775/bb7782712w,1984-06-01,June 1984,1984-06-30,People's Voice,47,9,18255
http://library.ucsd.edu/ark:/20775/bb8021618r,1991-03-18,"March 18-April 5, 1991",1991-04-05,The New Indicator,20,9,17125
http://library.ucsd.edu/ark:/20775/bb73048866,1985-02-19,"February 19-March 4, 1985",1985-03-04,The New Indicator,47,4,19065
http://library.ucsd.edu/ark:/20775/bb15027904,1967-04-21,"April 21, 1967",1967-04-21,The Indicator,26,0,5591
http://library.ucsd.edu/ark:/20775/bb05130177,1984-04-03,"April 3-16, 1984",1984-04-16,The New Indicator,15,6,18009
http://library.ucsd.edu/ark:/20775/bb5495996p,1990-10-01,October 1990,1990-10-31,California Review,21,9,14324
http://library.ucsd.edu/ark:/20775/bb7851447c,1969-02-13,"February 13, 1969",1969-02-13,The Indicator,13,0,10800
http://library.ucsd.edu/ark:/20775/bb39947572,1968-10-09,"October 09, 1968",1968-10-09,The Indicator,33,3,12162
http://library.ucsd.edu/ark:/20775/bb28338596,2008-11-01,November 2008,2008-11-30,California Review,33,9,8659
http://library.ucsd.edu/ark:/20775/bb3209291w,1987-01-30,"January 30, 1987",1987-01-30,Revellations,14,10,4788
http://library.ucsd.edu/ark:/20775/bb17416973,1981-12-01,Winter 1981,1981-02-28,Revellations,11,1,3683
http://library.ucsd.edu/ark:/20775/bb74414086,1981-06-01,June 1981,1981-06-30,The New Indicator,1,0,696
http://library.ucsd.edu/ark:/20775/bb2833858p,1981-03-01,Spring 1981,1981-05-31,Revellations,4,1,2402
http://library.ucsd.edu/ark:/20775/bb69635870,1990-01-01,January-February 1990,1990-02-28,California Review,52,14,14796
http://library.ucsd.edu/ark:/20775/bb0274108c,1992-11-01,November 1992,1992-11-30,Revellations,0,1,2003
http://library.ucsd.edu/ark:/20775/bb2629078g,1980-03-01,Spring 1980?,1980-05-31,Revellations,5,6,4624
http://library.ucsd.edu/ark:/20775/bb74755407,1983-06-14,"June 14-September 26, 1983",1983-09-26,The New Indicator,41,11,23195
http://library.ucsd.edu/ark:/20775/bb4301447t,1982-04-13,"April 13-26, 1982",1982-04-26,The New Indicator,11,4,16521
http://library.ucsd.edu/ark:/20775/bb9932898q,1983-03-01,Spring 1983,1983-05-31,Revellations,4,2,1903
http://library.ucsd.edu/ark:/20775/bb5461869j,1991-11-27,"November 27, 1991",1991-11-27,Revellations,1,0,2182
http://library.ucsd.edu/ark:/20775/bb50523050,1984-11-01,November/December 1984,1984-12-31,People's Voice,26,0,12750
http://library.ucsd.edu/ark:/20775/bb24242972,1989-11-01,November-December 1989,1989-12-31,California Review,30,7,15914
http://library.ucsd.edu/ark:/20775/bb0035197d,1966-02-11,"February 11, 1966",1966-02-11,Sandscript,19,1,9858
http://library.ucsd.edu/ark:/20775/bb51205723,1977-02-24,"February 24-March 8, 1977",1977-03-08,The New Indicator,17,2,14805
http://library.ucsd.edu/ark:/20775/bb0342372x,1987-05-12,"May 12-25, 1987",1987-05-25,The New Indicator,16,2,13796
http://library.ucsd.edu/ark:/20775/bb58031679,1985-03-01,March 1985,1985-03-31,People's Voice,49,1,21407
http://library.ucsd.edu/ark:/20775/bb83629161,1990-04-05,"April 5, 1990",1990-04-05,Revellations,0,0,1220
http://library.ucsd.edu/ark:/20775/bb7919227n,1976-12-01,December 1976,1976-12-31,The New Indicator,9,11,8748
http://library.ucsd.edu/ark:/20775/bb0035200w,1983-06-01,June 1983,1983-06-30,People's Voice,38,13,25057
http://library.ucsd.edu/ark:/20775/bb89089986,1978-01-09,"January 9-22, 1978",1978-01-22,The New Indicator,36,0,10958
http://library.ucsd.edu/ark:/20775/bb3209292d,1974-09-11,"September 11, 1974",1974-09-11,Prensa Popular,19,1,17595
http://library.ucsd.edu/ark:/20775/bb0513016q,2003-03-01,March 2003,2003-03-31,The New Indicator,10,0,18914
http://library.ucsd.edu/ark:/20775/bb1332137m,1990-11-28,"November 28-January, 1990-91",1991-01-31,The New Indicator,29,10,17496
http://library.ucsd.edu/ark:/20775/bb02399807,1986-01-28,"January 28-February 10, 1986",1986-02-10,The New Indicator,43,10,18720
http://library.ucsd.edu/ark:/20775/bb90113897,1990-10-08,"October 8, 1990",1990-10-08,Revellations,4,3,3946
http://library.ucsd.edu/ark:/20775/bb0956711d,2004-11-01,November 2004,2004-11-30,California Review,58,39,22497
http://library.ucsd.edu/ark:/20775/bb6315120j,1967-04-07,"April 7, 1967",1967-04-07,The Indicator,25,1,9395
http://library.ucsd.edu/ark:/20775/bb56666508,1988-04-19,"April 19-May 3, 1988",1988-05-03,The New Indicator,40,10,17600
http://library.ucsd.edu/ark:/20775/bb39260196,1978-10-23,"October 23, 1978",1978-10-23,People's Voice,50,0,12314
http://library.ucsd.edu/ark:/20775/bb19123505,1985-10-29,"October 29-November 11, 1985",1985-11-11,The New Indicator,12,6,11874
http://library.ucsd.edu/ark:/20775/bb7100108w,1991-02-13,"February 13-27, 1991",1991-02-27,The New Indicator,1,0,7389
http://library.ucsd.edu/ark:/20775/bb0956710w,1981-09-01,Fall 1981,1981-11-30,Revellations,16,8,3859
http://library.ucsd.edu/ark:/20775/bb9967029g,1985-09-18,"September 18, 1985",1985-09-18,The University Report,15,9,19332
http://library.ucsd.edu/ark:/20775/bb44379670,1965-12-03,"December 3, 1965",1965-12-03,Sandscript,15,2,9581
http://library.ucsd.edu/ark:/20775/bb0410628b,2005-09-01,September 2005,2005-09-30,California Review,0,0,1013
http://library.ucsd.edu/ark:/20775/bb86700880,1984-10-09,"October 9-22, 1984",1984-10-22,The New Indicator,30,10,15465
http://library.ucsd.edu/ark:/20775/bb7339020t,1986-11-18,"November 18, December 1, 1986",1986-12-01,The New Indicator,32,2,17292
http://library.ucsd.edu/ark:/20775/bb65885041,1992-03-01,March 1992,1992-03-31,California Review,25,2,8288
http://library.ucsd.edu/ark:/20775/bb40284081,1969-01-15,"January 15, 1969",1969-01-15,The Indicator,45,2,12772
http://library.ucsd.edu/ark:/20775/bb42673227,1988-05-01,May 1988,1988-05-31,California Review,31,2,10477
http://library.ucsd.edu/ark:/20775/bb2970380c,1966-03-10,"March 10, 1966",1966-03-10,The Revelle Times,15,3,8278
http://library.ucsd.edu/ark:/20775/bb8089879n,1976-05-04,"May 4-11, 1976",1976-05-11,The New Indicator,44,10,30843
http://library.ucsd.edu/ark:/20775/bb43355760,1986-04-01,"April 1-14, 1986",1986-04-14,The New Indicator,23,5,5903
http://library.ucsd.edu/ark:/20775/bb8362917j,1980-03-01,March 1980,1980-03-31,People's Voice,72,25,23983
http://library.ucsd.edu/ark:/20775/bb7475541r,1969-04-09,"April 9, 1969",1969-04-09,The Indicator,44,0,8843
http://library.ucsd.edu/ark:/20775/bb98646371,1974-04-01,"April 1-15, 1974",1974-04-15,North Star,38,7,21114
http://library.ucsd.edu/ark:/20775/bb52229612,1985-10-01,October 1985,1985-10-31,People's Voice,31,12,11448
http://library.ucsd.edu/ark:/20775/bb28338575,2001-06-01,June 2001,2001-06-30,The New Indicator,10,2,16336
http://library.ucsd.edu/ark:/20775/bb7339021b,1979-09-01,September 1979,1979-09-30,People's Voice,40,8,13787
http://library.ucsd.edu/ark:/20775/bb3584717c,1989-04-19,"April 19-May 8, 1989",1989-05-08,The New Indicator,68,87,12340
http://library.ucsd.edu/ark:/20775/bb7714447r,1980-04-29,"April 29-May12, 1980",1980-05-12,The New Indicator,41,7,20097
http://library.ucsd.edu/ark:/20775/bb2629076f,1979-03-06,"March 6-19, 1979",1979-03-19,The New Indicator,62,2,12394
http://library.ucsd.edu/ark:/20775/bb5154697w,2003-12-01,December 2003,2003-12-31,California Review,22,0,12183
http://library.ucsd.edu/ark:/20775/bb0274109w,1979-10-09,"October 9-12, 1979",1979-10-12,The New Indicator,12,15,13034
http://library.ucsd.edu/ark:/20775/bb40625409,1988-01-04,"January 4-18, 1988",1988-01-18,The New Indicator,18,7,10787
http://library.ucsd.edu/ark:/20775/bb25949515,1991-04-16,"April 16-30, 1991",1991-04-30,The New Indicator,12,1,19397
http://library.ucsd.edu/ark:/20775/bb3584718w,1970-11-09,"November 9, 1970",1970-11-09,Third World,3,12,2134
http://library.ucsd.edu/ark:/20775/bb2117128k,1974-01-29,"January 29, 1974",1974-01-29,Prensa Popular,28,8,17787
http://library.ucsd.edu/ark:/20775/bb2697682c,1994-05-01,May 1994,1994-05-31,California Review,22,1,19375
http://library.ucsd.edu/ark:/20775/bb8499437n,1984-05-15,"May 15-29, 1984",1984-05-29,The New Indicator,51,3,13934
http://library.ucsd.edu/ark:/20775/bb8738350w,1992-02-01,February 1992,1992-02-28,People's Voice,132,20,19246
http://library.ucsd.edu/ark:/20775/bb5564260s,1989-05-01,May 1989,1989-05-31,California Review,18,33,13647
http://library.ucsd.edu/ark:/20775/bb90113876,1981-10-20,"October 20-November 2, 1981",1981-11-02,The New Indicator,28,7,14653
http://library.ucsd.edu/ark:/20775/bb8670087g,1982-05-25,"May 25-June 7, 1982",1982-06-07,The New Indicator,4,2,12753
http://library.ucsd.edu/ark:/20775/bb3209290c,1975-07-01,July/August 1975,1975-08-31,Prensa Popular,41,15,27539
http://library.ucsd.edu/ark:/20775/bb8738351d,1986-11-21,"November 21, 1986",1986-11-21,Revellations,6,8,6739
http://library.ucsd.edu/ark:/20775/bb2629077z,1982-03-01,Spring 1982,1982-05-31,Revellations,1,1,3945
http://library.ucsd.edu/ark:/20775/bb8977256b,1985-10-09,"October 9, 1985",1985-10-09,The University Report,45,13,16840
http://library.ucsd.edu/ark:/20775/bb2424296j,1975-01-01,January/February 1975,1975-02-28,Prensa Popular,7,4,27432
http://library.ucsd.edu/ark:/20775/bb2765600v,1986-12-02,"December 2-January 5, 1987",1987-01-05,The New Indicator,37,5,15347
http://library.ucsd.edu/ark:/20775/bb13321363,1966-11-11,"November 11, 1966",1966-11-11,The Indicator,28,1,12655
http://library.ucsd.edu/ark:/20775/bb0342371d,1987-10-01,October 1987,1987-10-31,California Review,43,4,21397
http://library.ucsd.edu/ark:/20775/bb0342370w,1975-11-25,"November 25, 1975",1975-11-25,Natty Dread,40,2,19378
http://library.ucsd.edu/ark:/20775/bb21171293,1991-03-01,March 1991,1991-03-31,California Review,11,4,11662
http://library.ucsd.edu/ark:/20775/bb93868216,1965-05-05,"May 5, 1965",1965-05-05,Sandscript,0,0,2351
http://library.ucsd.edu/ark:/20775/bb9967027f,1986-04-15,"April 15-28, 1986",1986-04-28,The New Indicator,21,4,11521
http://library.ucsd.edu/ark:/20775/bb0376497q,2002-05-01,May 2002,2002-05-31,California Review,60,21,20293
http://library.ucsd.edu/ark:/20775/bb5803169b,1992-03-01,March 1992,1992-03-31,Revellations,0,0,1529
http://library.ucsd.edu/ark:/20775/bb8567697t,1985-01-22,"January 22-February 4, 1985",1985-02-04,The New Indicator,33,15,16521
http://library.ucsd.edu/ark:/20775/bb8908999q,1990-03-01,March 1990,1990-03-31,California Review,27,8,13064
http://library.ucsd.edu/ark:/20775/bb7065978v,1986-03-01,March 1986,1986-03-31,People's Voice,51,17,15107
http://library.ucsd.edu/ark:/20775/bb5291697h,1969-10-01,"October 01, 1969",1969-10-01,The Indicator,10,0,8366
http://library.ucsd.edu/ark:/20775/bb04788876,1966-06-07,"June 7, 1966",1966-06-07,Sandscript,3,0,3570
http://library.ucsd.edu/ark:/20775/bb7885446n,1993-11-01,November 1993,1993-11-30,California Review,69,0,13902
http://library.ucsd.edu/ark:/20775/bb5154696c,1978-05-08,"May 8, 1978",1978-05-08,People's Voice,9,7,9552
http://library.ucsd.edu/ark:/20775/bb5803168t,1979-05-29,"May 29-June 11, 1979",1979-06-11,The New Indicator,37,0,23571
http://library.ucsd.edu/ark:/20775/bb66564191,1990-03-08,"March 8, 1990",1990-03-08,Revellations,3,5,5072
http://library.ucsd.edu/ark:/20775/bb92502992,1990-05-01,"Early May, 1990",1990-05-10,The New Indicator,21,6,12273
http://library.ucsd.edu/ark:/20775/bb6246857z,1985-03-01,March 1985,1985-03-31,California Review,56,6,21411
http://library.ucsd.edu/ark:/20775/bb5154695v,1985-06-01,June 1985,1985-06-30,People's Voice,23,4,15737
http://library.ucsd.edu/ark:/20775/bb9728119n,1990-05-01,May 1990,1990-05-31,California Review,17,9,9735
http://library.ucsd.edu/ark:/20775/bb3960148m,1984-02-01,February 1984,1984-02-28,California Review,52,12,20494
http://library.ucsd.edu/ark:/20775/bb8840740m,1985-02-05,"February 5-18, 1985",1985-02-18,The New Indicator,45,15,20275
http://library.ucsd.edu/ark:/20775/bb8977257v,1990-10-03,"October 3-16, 1990",1990-10-16,The New Indicator,16,0,14343
http://library.ucsd.edu/ark:/20775/bb7065977b,1983-10-11,"October 11-24, 1983",1983-10-24,The New Indicator,36,16,14034
http://library.ucsd.edu/ark:/20775/bb39601494,1990-02-25,"February 25, 1990",1990-02-25,The New Indicator,2,2,3003
http://library.ucsd.edu/ark:/20775/bb85335695,1993-01-01,January 1993,1993-01-31,Revellations,0,0,1930
http://library.ucsd.edu/ark:/20775/bb12980095,1985-10-16,"October 16, 1985",1985-10-16,The University Report,28,6,15474
http://library.ucsd.edu/ark:/20775/bb79192264,1976-03-01,March 1976,1976-03-31,Ujima,23,2,10671
http://library.ucsd.edu/ark:/20775/bb90796497,1983-01-01,January 1983,1983-01-31,People's Voice,54,4,18645
http://library.ucsd.edu/ark:/20775/bb32434172,1978-03-01,March 1978,1978-03-31,Revellations,2,1,2689
http://library.ucsd.edu/ark:/20775/bb0035198x,1982-09-01,September 1982,1982-09-30,California Review,55,10,22524
http://library.ucsd.edu/ark:/20775/bb2151261c,1976-03-08,"March 8-29, 1976",1976-03-29,The New Indicator,40,0,10386
http://library.ucsd.edu/ark:/20775/bb2867989w,1965-01-01,circa 1970,1975-01-01,The Indicator,14,8,9181
http://library.ucsd.edu/ark:/20775/bb1741698m,1989-01-19,"January 19, 1989",1989-01-19,Revellations,11,11,6090
http://library.ucsd.edu/ark:/20775/bb6417508p,2001-09-01,Fall 2001,2001-11-30,California Review,46,20,13687
http://library.ucsd.edu/ark:/20775/bb7065976t,1991-05-01,May 1991,1991-05-31,Revellations,0,0,2533
http://library.ucsd.edu/ark:/20775/bb9250300h,1990-11-05,"November 5, 1990",1990-11-05,Revellations,9,2,5049
http://library.ucsd.edu/ark:/20775/bb99328976,1988-04-11,"Aprill 11, 1988",1988-04-11,The New Indicator,4,0,2914
http://library.ucsd.edu/ark:/20775/bb6963588h,1980-01-08,"January 8-21, 1980",1980-01-21,The New Indicator,26,3,17242
http://library.ucsd.edu/ark:/20775/bb0035199f,1971-05-07,"May 7, 1971",1971-05-07,Third World,19,3,8733
http://library.ucsd.edu/ark:/20775/bb6758807g,1986-11-07,"November 7, 1986",1986-11-07,Revellations,5,17,6583
http://library.ucsd.edu/ark:/20775/bb66564170,1986-02-11,"February 11-24, 1986",1986-02-24,The New Indicator,13,3,11316
http://library.ucsd.edu/ark:/20775/bb15027925,1965-11-12,"November 12, 1965",1965-11-12,Sandscript,9,0,5722
http://library.ucsd.edu/ark:/20775/bb64175096,1990-03-01,Spring 1990,1990-05-31,The New Indicator,22,1,4021
http://library.ucsd.edu/ark:/20775/bb5803166s,1976-11-17,"November 17-30, 1976",1976-11-30,The New Indicator,48,6,17845
http://library.ucsd.edu/ark:/20775/bb55983884,1981-05-12,"May 12-25, 1981",1981-05-25,The New Indicator,28,0,11950
http://library.ucsd.edu/ark:/20775/bb4437968h,1993-03-01,March 1993,1993-03-31,The New Indicator,64,31,34201
http://library.ucsd.edu/ark:/20775/bb6246855x,1991-10-02,"October 2-15, 1991",1991-10-15,The New Indicator,31,15,25110
http://library.ucsd.edu/ark:/20775/bb2151260v,1976-05-25,"May 25, 1976",1976-05-25,The New Indicator,31,3,17544
http://library.ucsd.edu/ark:/20775/bb27997312,1993-11-01,November 1993,1993-11-30,Revellations,2,0,3089
http://library.ucsd.edu/ark:/20775/bb2048869c,1983-03-15,"March 15-April 4, 1983",1983-04-04,The New Indicator,15,8,14730
http://library.ucsd.edu/ark:/20775/bb91479091,1979-09-01,Fall 1979?,1979-11-30,Revellations,7,5,5719
http://library.ucsd.edu/ark:/20775/bb1571046x,1983-01-04,"January 4-17, 1983",1983-01-17,The New Indicator,50,8,28528
http://library.ucsd.edu/ark:/20775/bb30045098,2004-09-01,September 2004,2004-09-30,California Review,55,8,13514
http://library.ucsd.edu/ark:/20775/bb2014739p,1980-09-01,Fall 1980,1980-11-30,Revellations,10,1,3757
http://library.ucsd.edu/ark:/20775/bb37553690,1985-04-09,"April 9-22, 1985",1985-04-22,The New Indicator,7,7,11277
http://library.ucsd.edu/ark:/20775/bb9591599c,1986-06-01,Summer 1986,1986-08-31,The New Indicator,32,2,32730
http://library.ucsd.edu/ark:/20775/bb9079648q,1980-09-23,"September 23-October 6, 1980",1980-10-06,The New Indicator,26,6,24552
http://library.ucsd.edu/ark:/20775/bb03764987,1979-05-01,"May 1-14, 1979",1979-05-14,The New Indicator,34,1,14665
http://library.ucsd.edu/ark:/20775/bb2048868v,1983-03-01,Spring 1983,1983-05-31,Revellations,3,0,4415
http://library.ucsd.edu/ark:/20775/bb2321917r,1990-11-01,November-December 1990,1990-12-31,California Review,19,4,12635
http://library.ucsd.edu/ark:/20775/bb3755368g,1985-01-01,January-February 1985,1985-02-28,California Review,92,12,19658
http://library.ucsd.edu/ark:/20775/bb30389823,1993-01-01,January 1993,1993-01-31,California Review,37,10,12634
http://library.ucsd.edu/ark:/20775/bb9352689j,1965-02-17,"February 17, 1965",1965-02-17,Sandscript,33,2,12567
http://library.ucsd.edu/ark:/20775/bb9045519j,2004-02-01,February 2004,2004-02-28,The New Indicator,14,11,11128
http://library.ucsd.edu/ark:/20775/bb44379691,1965-03-26,"March 26, 1965",1965-03-26,Sandscript,4,0,2285
http://library.ucsd.edu/ark:/20775/bb0990838g,1977-12-01,December 1977,1977-12-31,The New Indicator,16,0,6713
http://library.ucsd.edu/ark:/20775/bb7100106v,1982-06-08,"June 8-September 1, 1982",1982-09-01,The New Indicator,23,1,14777
http://library.ucsd.edu/ark:/20775/bb8158137b,1993-04-01,April 1993,1993-04-30,The New Indicator,113,37,40601
http://library.ucsd.edu/ark:/20775/bb1502791n,2004-02-01,February 2004,2004-02-28,California Review,25,11,16489
http://library.ucsd.edu/ark:/20775/bb0990837z,1976-11-01,November 1976,1976-11-30,Revellations,0,2,2761
http://library.ucsd.edu/ark:/20775/bb09567092,1966-09-30,"September 30, 1966",1966-09-30,The Indicator,16,0,8215
http://library.ucsd.edu/ark:/20775/bb4745137j,1988-11-02,"November 2, 1988",1988-11-02,Revellations,26,7,6666
http://library.ucsd.edu/ark:/20775/bb7236630d,1989-05-10,"May 10, 1989",1989-05-10,Revellations,6,3,5831
